{"cameraMode":{"drawMode":0,"name":"Shaded","section":"Shading Mode"},"sceneLighting":true,"audioPlay":false,"sceneViewState":{"m_AlwaysRefresh":false,"showFog":true,"showSkybox":true,"showFlares":true,"showImageEffects":true,"showParticleSystems":true,"showVisualEffectGraphs":true,"m_FxEnabled":true},"in2DMode":false,"pivot":{"x":-1.619999885559082,"y":-7.809999465942383,"z":-3.109999895095825},"rotation":{"x":0.0005218874430283904,"y":-0.9995355010032654,"z":0.03180558979511261,"w":0.012273933738470078},"size":8.015710830688477,"orthographic":false}